﻿NombreCircuito,Descripcion,Localidad,Alias,Distancia,Foto,Estado,Dias,url
Circuito Norte,Caminata matutina por zona norte,Castelar,Ruta Verde,1000,caminando.jpeg,Yes,"Lunes, Miercoles",https://www.notion.so/buenos-pasos/Circuito-Norte-29934386701781f884c7fbd3c7e6765d
Circuito Sur,Caminata matutina por zona norte,San Telmo,Sendero del Bosque,500,puerto_madero.jpeg,Yes,Martes,https://www.notion.so/buenos-pasos/Circuito-Sur-29934386701781d0a46ef99e5221aaf9
Circuito Centro,Caminata matutina por zona norte,Palermo,Camino de los Sauces,750,caminantes2.jpg,Yes,Miercoles,https://www.notion.so/buenos-pasos/Circuito-Centro-299343867017813194e1e58ad307ae12
Circuito Bosque,Caminata matutina por zona norte,Belgrano,Sendero del Bosque,850,caminantes.jpg,Yes,Jueves,https://www.notion.so/buenos-pasos/Circuito-Bosque-2993438670178151a19de8e2c8ef56e0
Villa Crespo,Caminata matutina por zona norte,Villa Crespo,Ruta Verde,900,caminantes%201.jpg,Yes,"Lunes, Miercoles",https://www.notion.so/buenos-pasos/Villa-Crespo-29934386701781399e1eed5dd46d6f14