﻿NombreCircuito,Alias,Descripcion,Dias,Distancia,Estado,Foto,Localidad,url
Circuito Norte,Ruta Verde,Caminata matutina por zona norte,"Lunes, Miercoles",1000,Yes,caminando.jpeg,Castelar,https://www.notion.so/buenos-pasos/Circuito-Norte-29934386701781f884c7fbd3c7e6765d
Circuito Sur,Sendero del Bosque,Caminata matutina por zona norte,Martes,500,Yes,puerto_madero.jpeg,San Telmo,https://www.notion.so/buenos-pasos/Circuito-Sur-29934386701781d0a46ef99e5221aaf9
Circuito Centro,Camino de los Sauces,Caminata matutina por zona norte,Miercoles,750,Yes,caminantes2.jpg,Palermo,https://www.notion.so/buenos-pasos/Circuito-Centro-299343867017813194e1e58ad307ae12
Circuito Bosque,Sendero del Bosque,Caminata matutina por zona norte,Jueves,850,Yes,caminantes.jpg,Belgrano,https://www.notion.so/buenos-pasos/Circuito-Bosque-2993438670178151a19de8e2c8ef56e0
Villa Crespo,Ruta Verde,Caminata matutina por zona norte,"Lunes, Miercoles",900,Yes,caminantes%201.jpg,Villa Crespo,https://www.notion.so/buenos-pasos/Villa-Crespo-29934386701781399e1eed5dd46d6f14